Question;;;;;;
Do you think people more people look down on you or up to you? Why?;;;;;;
What question do you most want an answer to?;;;;;;
What are some of the telltale signs of a shallow person?;;;;;;
What do you look forward to most in the day?;;;;;;
If you could instantly learn a talent or skill, what would you want to know how to do?;;;;;;
When is your favorite time of day?;;;;;;
What are the best and worst things about the period of history we are living through?;;;;;;
Whatâ€™s the most rewarding thing in your daily routine?;;;;;;
What weird thing stresses you out more than it should?;;;;;;
When do you feel like you are really in your element?;;;;;;
How likely are you to believe in conspiracy theories?;;;;;;
What are some alcohol-induced stories of your younger days?;;;;;;
